age,job,marital,education,default,balance,housing,loan,contact,day,month,duration,campaign,pdays,previous,poutcome,y
70,retired,divorced,primary,no,4531,no,no,cellular,18,may,445,1,-1,0,unknown,no
65,retired,divorced,primary,no,1840,no,no,cellular,1,jun,383,2,188,5,failure,no
56,blue-collar,married,secondary,no,345,yes,no,telephone,22,jul,605,1,-1,0,unknown,no
35,blue-collar,married,secondary,no,1287,yes,no,cellular,14,jul,330,2,-1,0,unknown,no
56,management,married,unknown,no,353,no,yes,cellular,25,jul,171,2,-1,0,unknown,no
56,technician,married,secondary,no,205,no,yes,cellular,23,jul,442,2,-1,0,unknown,no
49,entrepreneur,married,secondary,no,687,yes,no,cellular,17,apr,772,1,-1,0,unknown,yes
38,unemployed,married,primary,no,1147,yes,yes,unknown,8,may,249,5,-1,0,unknown,no
35,management,married,tertiary,no,4286,yes,no,unknown,9,may,357,1,-1,0,unknown,no
38,admin.,married,tertiary,no,605,no,no,cellular,18,nov,147,2,-1,0,unknown,no
49,blue-collar,married,secondary,no,8545,yes,yes,cellular,6,may,199,7,167,1,failure,no
55,management,married,unknown,no,559,no,no,cellular,28,jan,271,2,-1,0,unknown,no
43,blue-collar,single,primary,no,2,yes,no,cellular,30,jul,783,3,-1,0,unknown,no
43,management,married,tertiary,no,2,no,yes,cellular,20,aug,472,2,-1,0,unknown,no
25,admin.,single,tertiary,no,760,yes,no,cellular,27,may,223,3,89,2,failure,yes
30,blue-collar,married,primary,no,1317,yes,no,unknown,21,may,395,2,-1,0,unknown,no
46,blue-collar,married,secondary,no,182,no,no,cellular,4,feb,56,1,-1,0,unknown,no
50,admin.,married,primary,no,276,no,yes,unknown,17,jun,641,6,-1,0,unknown,no
35,entrepreneur,married,secondary,no,2971,no,no,cellular,4,may,429,4,164,2,failure,yes
26,unemployed,single,secondary,no,1064,no,no,unknown,31,may,113,1,-1,0,unknown,no
45,admin.,married,unknown,no,1783,no,no,unknown,20,jun,11,11,-1,0,unknown,no
37,blue-collar,married,secondary,no,-67,no,no,cellular,2,feb,157,1,-1,0,unknown,no
60,self-employed,single,tertiary,no,179,no,yes,cellular,29,jul,79,4,-1,0,unknown,no
38,management,married,tertiary,no,1199,no,no,cellular,4,aug,178,1,1,1,success,yes
47,blue-collar,married,primary,no,214,yes,yes,unknown,9,jun,168,1,-1,0,unknown,no
33,technician,married,secondary,no,6699,no,no,cellular,9,nov,425,1,462,1,failure,no
51,unemployed,married,secondary,no,1760,no,yes,cellular,19,nov,162,1,-1,0,unknown,no
35,entrepreneur,single,tertiary,no,145,yes,no,cellular,18,jul,799,2,-1,0,unknown,yes
35,unemployed,married,secondary,no,978,no,no,cellular,29,dec,1370,3,209,3,success,yes
48,admin.,single,secondary,no,1150,yes,no,unknown,28,may,357,1,-1,0,unknown,no
37,admin.,married,secondary,no,121,no,no,cellular,22,jul,22,6,-1,0,unknown,no
29,technician,single,tertiary,no,828,yes,no,cellular,16,apr,215,3,321,3,other,no
34,admin.,married,secondary,no,244,yes,no,cellular,31,jul,56,4,-1,0,unknown,no
32,services,married,primary,no,228,yes,no,cellular,21,jul,1017,6,-1,0,unknown,yes
30,management,single,tertiary,no,424,no,no,cellular,16,apr,298,4,-1,0,unknown,yes
47,management,divorced,tertiary,no,447,no,yes,unknown,7,may,126,1,-1,0,unknown,no
33,blue-collar,married,primary,no,-195,no,no,unknown,20,sep,9,1,-1,0,unknown,no
33,management,single,tertiary,no,1410,yes,no,cellular,5,feb,8,1,254,5,failure,no
63,retired,married,primary,no,1084,no,no,cellular,14,oct,201,1,183,1,success,no
51,self-employed,divorced,primary,no,10924,no,no,cellular,6,may,106,2,-1,0,unknown,no
41,management,married,tertiary,no,832,yes,yes,cellular,21,nov,164,1,176,1,failure,no
56,retired,married,tertiary,no,478,no,no,cellular,5,feb,97,1,-1,0,unknown,no
60,management,single,tertiary,no,0,no,yes,cellular,23,jul,151,1,-1,0,unknown,no
41,self-employed,single,tertiary,no,3950,yes,no,unknown,30,may,96,2,-1,0,unknown,no
37,management,single,unknown,no,504,yes,no,cellular,16,apr,555,1,-1,0,unknown,no
36,blue-collar,single,secondary,no,219,yes,yes,cellular,11,may,270,2,347,1,failure,no
57,management,married,tertiary,no,1602,no,no,cellular,29,jul,339,3,-1,0,unknown,no
55,management,married,primary,no,2587,no,no,cellular,4,sep,328,2,94,2,success,yes
44,admin.,married,secondary,no,0,yes,yes,unknown,16,may,159,1,-1,0,unknown,no
47,self-employed,married,tertiary,no,2303,yes,no,cellular,6,may,323,2,364,1,failure,no
31,blue-collar,married,secondary,no,1660,yes,no,cellular,20,apr,342,1,-1,0,unknown,no
35,management,married,tertiary,yes,32,yes,no,cellular,21,nov,180,1,-1,0,unknown,no
39,management,married,tertiary,no,278,no,yes,cellular,28,jul,60,3,-1,0,unknown,no
50,management,married,tertiary,no,4,no,no,cellular,17,nov,223,1,96,2,failure,no
29,management,married,tertiary,no,318,yes,no,cellular,18,may,1434,2,356,4,failure,no
30,services,single,secondary,no,209,yes,no,unknown,6,may,30,2,-1,0,unknown,no
46,services,married,secondary,no,271,yes,no,unknown,16,may,134,4,-1,0,unknown,no
27,management,single,unknown,no,3196,no,no,cellular,9,feb,10,2,-1,0,unknown,no
48,admin.,divorced,secondary,no,4099,no,no,cellular,2,apr,397,2,-1,0,unknown,yes
26,student,single,secondary,no,2572,yes,no,cellular,5,may,620,1,-1,0,unknown,no
36,management,single,tertiary,no,339,no,no,cellular,21,nov,6,6,-1,0,unknown,no
42,blue-collar,married,primary,no,0,yes,yes,cellular,7,may,209,2,-1,0,unknown,no
50,housemaid,married,primary,no,395,yes,no,unknown,15,may,419,2,-1,0,unknown,no
49,blue-collar,married,secondary,no,2039,yes,no,cellular,18,nov,283,2,-1,0,unknown,no
45,management,married,tertiary,no,5450,no,no,cellular,8,aug,188,2,-1,0,unknown,no
23,student,single,secondary,no,780,no,no,cellular,16,sep,267,1,-1,0,unknown,no
38,technician,single,secondary,no,0,yes,no,cellular,7,apr,196,2,-1,0,unknown,no
32,management,single,tertiary,no,8436,yes,no,cellular,17,apr,245,1,149,2,failure,no
60,technician,single,primary,no,11262,no,no,cellular,26,aug,323,1,-1,0,unknown,yes
30,entrepreneur,married,secondary,no,946,yes,no,cellular,19,nov,1065,1,183,1,other,no
58,housemaid,married,tertiary,no,497,no,no,unknown,11,jun,138,5,-1,0,unknown,no
60,retired,married,primary,no,55,no,no,cellular,4,jun,207,1,-1,0,unknown,no
38,services,married,secondary,no,-140,no,no,unknown,25,jun,456,3,-1,0,unknown,no
51,technician,married,secondary,no,-379,yes,no,cellular,5,aug,261,1,-1,0,unknown,no
42,admin.,married,secondary,no,-396,yes,no,cellular,11,may,80,1,308,4,failure,no
30,services,single,secondary,no,0,yes,no,cellular,18,may,131,6,363,9,failure,no
40,management,married,primary,no,733,yes,no,unknown,6,jun,94,7,-1,0,unknown,no
37,management,married,tertiary,no,393,yes,no,cellular,14,may,567,3,275,4,failure,yes
53,technician,divorced,primary,no,7290,yes,no,unknown,30,may,153,1,-1,0,unknown,no
27,services,single,secondary,no,468,yes,no,cellular,13,may,109,1,-1,0,unknown,no
39,blue-collar,married,secondary,no,0,yes,no,cellular,30,apr,53,1,325,1,failure,no
39,blue-collar,married,primary,no,3705,yes,no,unknown,16,jun,77,1,-1,0,unknown,no
59,retired,married,tertiary,no,9676,no,no,telephone,27,mar,234,2,-1,0,unknown,yes
37,services,married,secondary,no,1328,yes,no,telephone,13,may,121,2,341,4,failure,no
41,blue-collar,married,primary,no,8,yes,no,cellular,15,jul,155,2,-1,0,unknown,no
45,blue-collar,married,primary,no,61,no,no,cellular,17,apr,108,1,-1,0,unknown,no
48,management,married,tertiary,no,6613,no,no,unknown,17,jun,159,3,-1,0,unknown,no
48,technician,married,secondary,no,302,yes,no,unknown,26,may,208,3,-1,0,unknown,no
32,blue-collar,married,secondary,no,1005,no,no,cellular,12,may,215,1,-1,0,unknown,no
35,services,married,secondary,no,109,yes,no,unknown,6,may,597,3,-1,0,unknown,no
33,management,single,tertiary,no,1240,yes,no,cellular,4,feb,505,2,260,1,other,no
28,blue-collar,single,primary,no,0,yes,yes,unknown,3,jun,380,4,-1,0,unknown,no
64,retired,married,unknown,no,2923,no,no,cellular,12,mar,120,1,-1,0,unknown,no
35,technician,married,secondary,no,0,no,no,cellular,27,aug,106,4,-1,0,unknown,no
33,blue-collar,married,secondary,no,43,yes,no,cellular,14,may,332,2,358,2,failure,no
41,technician,married,secondary,no,288,yes,no,unknown,15,may,221,4,-1,0,unknown,no
34,admin.,married,secondary,no,613,yes,no,cellular,4,jun,80,1,-1,0,unknown,no
37,technician,single,tertiary,no,6101,no,no,cellular,4,may,60,5,87,1,success,no
38,blue-collar,married,primary,no,168,yes,yes,telephone,13,may,212,3,-1,0,unknown,no
39,blue-collar,married,primary,no,7685,yes,no,cellular,14,apr,493,3,-1,0,unknown,no
35,technician,divorced,tertiary,no,4515,yes,no,cellular,19,nov,98,2,-1,0,unknown,no
28,blue-collar,single,secondary,no,517,no,yes,cellular,8,jul,681,1,-1,0,unknown,yes
27,blue-collar,single,secondary,no,148,no,no,cellular,22,jul,203,1,-1,0,unknown,no
48,retired,married,primary,yes,-285,no,yes,cellular,19,nov,157,1,-1,0,unknown,no
50,blue-collar,married,secondary,no,887,no,no,unknown,16,jun,287,1,-1,0,unknown,no
45,self-employed,married,secondary,no,3098,yes,no,cellular,7,aug,159,2,-1,0,unknown,no
41,technician,married,tertiary,no,744,yes,no,unknown,14,may,125,1,-1,0,unknown,no
39,technician,married,secondary,no,130,no,no,cellular,8,jul,202,2,-1,0,unknown,no
44,management,married,secondary,no,438,yes,no,telephone,8,may,37,3,303,1,failure,no
54,admin.,married,secondary,no,0,no,no,cellular,28,jan,161,1,98,2,failure,yes
49,management,married,tertiary,no,322,no,no,cellular,6,aug,72,4,-1,0,unknown,no
34,blue-collar,single,secondary,no,186,no,no,cellular,2,feb,342,1,-1,0,unknown,no
75,retired,divorced,tertiary,no,3810,yes,no,cellular,16,nov,262,1,183,1,failure,yes
42,management,married,tertiary,no,0,no,no,cellular,13,aug,325,2,-1,0,unknown,no
53,blue-collar,married,secondary,no,4380,no,no,telephone,19,aug,223,7,-1,0,unknown,no
49,management,divorced,tertiary,no,755,no,no,cellular,31,jul,1212,4,-1,0,unknown,yes
31,services,single,secondary,no,2070,no,no,cellular,29,aug,319,2,-1,0,unknown,no
45,blue-collar,single,primary,no,999,no,no,cellular,29,jan,182,2,-1,0,unknown,no
39,self-employed,married,secondary,no,167,yes,yes,cellular,17,jul,330,1,-1,0,unknown,no
46,technician,married,secondary,no,1322,yes,yes,cellular,19,nov,514,1,-1,0,unknown,no
42,admin.,divorced,secondary,no,1076,yes,no,unknown,14,may,213,1,-1,0,unknown,no
37,management,married,tertiary,no,502,yes,no,cellular,7,may,551,1,351,1,failure,no
26,technician,single,tertiary,no,1216,yes,no,cellular,16,apr,472,2,-1,0,unknown,no
37,management,single,tertiary,no,876,yes,no,cellular,15,apr,140,4,327,2,failure,no
36,services,single,secondary,no,342,yes,no,unknown,7,may,142,1,-1,0,unknown,no
29,blue-collar,single,primary,no,950,yes,no,unknown,4,jun,135,3,-1,0,unknown,no
36,blue-collar,married,primary,no,973,yes,yes,unknown,23,may,293,1,-1,0,unknown,no
26,technician,married,tertiary,no,3825,yes,no,unknown,13,may,107,1,-1,0,unknown,no
32,blue-collar,married,secondary,no,2366,yes,no,unknown,20,may,127,2,-1,0,unknown,no
40,management,married,tertiary,no,542,yes,no,cellular,20,nov,1816,1,-1,0,unknown,no
53,management,married,primary,no,995,no,no,cellular,4,feb,200,3,-1,0,unknown,no
29,management,married,tertiary,no,20,yes,no,cellular,12,may,418,1,-1,0,unknown,no
34,technician,single,tertiary,no,228,yes,no,cellular,22,jul,387,4,-1,0,unknown,no
43,blue-collar,married,secondary,no,130,no,no,cellular,5,may,156,1,337,3,failure,no
56,management,married,tertiary,no,217,no,yes,cellular,21,jul,121,2,-1,0,unknown,no
55,entrepreneur,divorced,tertiary,no,0,no,no,unknown,6,jun,108,2,-1,0,unknown,no
31,self-employed,married,tertiary,no,259,yes,no,cellular,7,may,47,1,-1,0,unknown,no
27,admin.,single,secondary,no,619,yes,no,cellular,20,apr,16,5,322,4,other,no
36,management,married,secondary,no,644,yes,no,cellular,18,nov,54,2,-1,0,unknown,no
44,management,married,tertiary,no,22,yes,no,cellular,6,aug,265,2,-1,0,unknown,no
37,admin.,divorced,tertiary,no,4303,yes,no,unknown,23,may,168,1,-1,0,unknown,no
30,admin.,single,secondary,no,239,yes,no,cellular,7,may,115,3,-1,0,unknown,no
42,technician,single,secondary,no,275,no,no,cellular,26,aug,31,8,-1,0,unknown,no
30,management,married,tertiary,no,1221,yes,no,telephone,25,jul,279,4,-1,0,unknown,yes
62,retired,married,secondary,no,816,no,no,cellular,1,sep,28,2,-1,0,unknown,no
24,blue-collar,married,secondary,no,1222,yes,no,cellular,20,apr,369,1,-1,0,unknown,no
31,technician,married,secondary,no,2363,yes,no,unknown,13,may,247,1,-1,0,unknown,no
66,retired,married,tertiary,no,2262,no,no,cellular,22,apr,155,1,-1,0,unknown,no
47,admin.,married,secondary,no,2,no,no,cellular,10,jul,89,1,-1,0,unknown,no
39,entrepreneur,married,tertiary,no,2,yes,no,cellular,17,nov,180,1,-1,0,unknown,no
35,technician,married,secondary,no,4508,yes,no,cellular,18,nov,854,1,-1,0,unknown,yes
35,admin.,divorced,secondary,no,-402,yes,no,cellular,17,apr,46,1,-1,0,unknown,no
27,technician,married,secondary,no,1577,yes,yes,unknown,28,may,266,2,-1,0,unknown,no
32,blue-collar,married,secondary,no,34,yes,no,cellular,5,may,321,2,-1,0,unknown,no
44,management,married,tertiary,no,795,no,no,cellular,28,aug,99,24,-1,0,unknown,no
42,blue-collar,married,secondary,no,117,yes,no,unknown,9,may,147,1,-1,0,unknown,no
34,self-employed,single,tertiary,no,5462,no,no,cellular,30,apr,430,1,-1,0,unknown,yes
25,services,single,secondary,no,402,no,yes,cellular,7,jul,264,1,-1,0,unknown,no
40,technician,single,secondary,no,641,no,no,cellular,16,jul,156,6,-1,0,unknown,no
43,management,divorced,tertiary,no,36,no,no,cellular,26,may,118,1,102,2,failure,no
55,unemployed,married,tertiary,no,383,no,no,unknown,6,may,343,3,-1,0,unknown,no
50,blue-collar,married,secondary,no,283,yes,no,cellular,7,aug,226,3,-1,0,unknown,no
45,management,divorced,tertiary,no,0,no,no,unknown,1,jun,5,1,-1,0,unknown,no
35,blue-collar,divorced,secondary,no,3102,yes,no,cellular,20,nov,138,1,-1,0,unknown,no
32,blue-collar,married,secondary,no,889,yes,no,cellular,10,sep,185,1,99,5,success,yes
59,housemaid,married,secondary,no,0,no,no,telephone,3,feb,722,1,99,4,failure,no
34,self-employed,married,secondary,no,-370,yes,no,unknown,21,may,748,1,-1,0,unknown,no
39,management,married,tertiary,no,-606,yes,no,unknown,26,may,142,1,-1,0,unknown,no
40,management,single,secondary,no,10378,yes,no,cellular,17,nov,523,3,-1,0,unknown,no
36,blue-collar,single,primary,no,1313,yes,no,unknown,20,jun,8,10,-1,0,unknown,no
40,management,married,tertiary,no,8969,yes,no,cellular,17,nov,153,1,-1,0,unknown,no
55,self-employed,married,secondary,no,-196,yes,no,unknown,20,may,210,2,-1,0,unknown,no
38,entrepreneur,married,secondary,yes,15,yes,no,cellular,10,jul,121,1,-1,0,unknown,no
61,admin.,married,secondary,no,4608,no,no,cellular,12,mar,212,1,-1,0,unknown,yes
41,management,married,tertiary,no,666,yes,no,unknown,21,may,253,3,-1,0,unknown,no
57,blue-collar,married,primary,no,452,yes,no,unknown,13,may,139,4,-1,0,unknown,no
48,blue-collar,married,secondary,no,149,yes,no,unknown,9,may,71,1,-1,0,unknown,no
77,retired,married,tertiary,no,7802,no,no,telephone,4,may,421,1,92,2,success,yes
35,services,married,secondary,no,1453,yes,no,unknown,28,may,199,1,-1,0,unknown,no
54,blue-collar,married,secondary,no,1480,yes,no,unknown,14,may,108,1,-1,0,unknown,no
37,management,single,unknown,no,715,yes,no,unknown,20,may,247,2,-1,0,unknown,no
56,management,single,secondary,no,237,yes,no,telephone,9,jul,236,4,-1,0,unknown,no
40,technician,married,secondary,no,694,yes,no,cellular,4,feb,97,4,196,5,failure,no
40,management,married,tertiary,no,0,no,no,cellular,14,jul,109,8,-1,0,unknown,no
54,management,married,tertiary,no,55,yes,no,cellular,2,jun,112,2,-1,0,unknown,no
55,housemaid,married,primary,no,136,yes,no,unknown,19,jun,15,10,-1,0,unknown,no
55,services,divorced,secondary,yes,-404,yes,no,cellular,22,jul,502,3,-1,0,unknown,no
52,blue-collar,married,primary,no,779,yes,no,unknown,16,may,30,3,-1,0,unknown,no
55,blue-collar,single,primary,no,1187,yes,no,unknown,2,jun,193,2,-1,0,unknown,no
33,management,married,tertiary,no,641,yes,no,cellular,13,aug,347,2,-1,0,unknown,no
52,blue-collar,married,unknown,no,826,yes,no,unknown,15,may,468,2,-1,0,unknown,no
33,services,divorced,secondary,no,991,yes,no,unknown,27,may,148,1,-1,0,unknown,no
53,admin.,married,secondary,no,1796,no,no,telephone,16,mar,295,1,91,2,success,yes
46,admin.,married,secondary,no,22,no,no,cellular,26,aug,388,6,-1,0,unknown,yes
44,technician,single,secondary,no,244,yes,no,cellular,12,aug,1735,4,-1,0,unknown,yes
48,management,divorced,tertiary,no,1328,yes,no,unknown,6,may,339,1,-1,0,unknown,no
50,housemaid,married,secondary,no,7317,yes,no,cellular,13,may,172,1,370,1,failure,no
34,technician,single,secondary,no,4943,yes,yes,cellular,19,nov,117,2,-1,0,unknown,no
38,technician,single,secondary,no,258,no,yes,unknown,20,jun,587,2,-1,0,unknown,no
42,management,single,tertiary,no,515,yes,no,cellular,19,nov,501,2,-1,0,unknown,no
32,management,single,tertiary,no,12607,no,no,cellular,14,aug,203,5,84,1,failure,no
58,admin.,married,secondary,no,2,yes,yes,telephone,25,jul,282,9,-1,0,unknown,no
31,management,married,tertiary,no,13,no,no,cellular,28,aug,110,5,-1,0,unknown,no
19,student,single,primary,no,103,no,no,cellular,10,jul,104,2,-1,0,unknown,yes
41,management,married,tertiary,no,3872,no,no,cellular,15,oct,231,1,-1,0,unknown,no
31,unemployed,married,secondary,no,296,yes,no,unknown,20,may,378,3,-1,0,unknown,no
52,self-employed,single,primary,no,217,no,yes,cellular,15,jul,193,6,-1,0,unknown,no
42,self-employed,divorced,tertiary,no,360,yes,no,unknown,24,jun,110,5,-1,0,unknown,no
41,blue-collar,single,secondary,no,428,yes,no,cellular,12,may,92,1,-1,0,unknown,no
30,blue-collar,single,secondary,no,315,no,no,cellular,23,jun,1407,1,-1,0,unknown,yes
38,blue-collar,married,secondary,no,121,yes,yes,cellular,6,feb,168,1,212,2,failure,no
32,management,married,tertiary,no,820,yes,no,cellular,17,jul,738,3,-1,0,unknown,no
52,technician,married,secondary,no,195,yes,no,cellular,18,feb,220,1,63,5,failure,yes
48,management,divorced,tertiary,no,108,yes,no,unknown,27,may,89,2,-1,0,unknown,no
36,management,married,tertiary,no,-381,yes,no,cellular,31,jul,30,29,-1,0,unknown,no
45,unemployed,divorced,primary,no,757,no,no,cellular,20,apr,103,1,325,4,failure,no
34,technician,married,tertiary,no,691,yes,yes,unknown,2,jun,70,1,-1,0,unknown,no
36,blue-collar,married,primary,no,1925,yes,no,cellular,20,apr,904,2,-1,0,unknown,yes
34,management,married,tertiary,no,902,yes,no,cellular,14,may,159,1,367,2,other,no
61,retired,married,secondary,no,5207,no,no,cellular,11,sep,336,1,81,2,other,no
54,services,married,secondary,no,0,no,no,unknown,19,jun,220,1,-1,0,unknown,no
50,entrepreneur,married,secondary,no,665,no,no,telephone,17,nov,238,1,-1,0,unknown,no
43,admin.,divorced,secondary,no,738,yes,no,cellular,21,nov,585,4,191,4,failure,no
47,blue-collar,married,primary,no,233,no,no,cellular,8,aug,293,3,-1,0,unknown,no
45,services,married,secondary,no,-839,yes,no,unknown,28,may,68,1,-1,0,unknown,no
57,retired,married,primary,no,5799,no,no,unknown,17,jun,97,1,-1,0,unknown,no
27,admin.,married,secondary,no,1033,yes,no,unknown,9,may,1713,1,-1,0,unknown,no
49,unemployed,divorced,secondary,no,66,no,no,cellular,9,jul,218,3,-1,0,unknown,no
43,services,married,primary,no,2567,yes,no,cellular,14,may,109,1,360,2,failure,no
40,management,married,tertiary,no,1584,yes,no,telephone,21,nov,661,1,-1,0,unknown,no
32,services,single,secondary,no,182,yes,no,cellular,6,may,145,1,-1,0,unknown,no
58,management,married,primary,no,76,yes,no,telephone,18,may,54,4,-1,0,unknown,no
34,admin.,single,secondary,no,663,yes,no,cellular,20,apr,111,1,-1,0,unknown,no
46,technician,divorced,secondary,no,3455,yes,no,unknown,14,may,566,2,-1,0,unknown,no
29,blue-collar,married,secondary,no,15,no,no,cellular,3,jun,136,1,-1,0,unknown,no
52,blue-collar,married,primary,no,1054,no,no,cellular,4,aug,273,1,-1,0,unknown,no
45,management,married,tertiary,no,1529,no,no,cellular,30,jun,160,1,-1,0,unknown,no
26,management,single,secondary,no,63,no,no,cellular,28,jul,76,4,-1,0,unknown,no
40,technician,married,tertiary,no,0,no,no,cellular,19,aug,44,1,-1,0,unknown,no
41,admin.,married,secondary,no,920,yes,yes,unknown,27,may,239,1,-1,0,unknown,no
47,admin.,single,secondary,no,3696,no,no,cellular,12,jul,250,2,181,4,success,yes
27,technician,single,unknown,no,59,no,no,cellular,15,jul,792,4,-1,0,unknown,no
27,services,married,secondary,no,0,yes,no,cellular,23,jul,198,13,-1,0,unknown,no
48,blue-collar,married,secondary,no,157,yes,no,unknown,6,may,73,1,-1,0,unknown,no
49,admin.,married,secondary,no,2465,no,no,cellular,20,aug,157,3,-1,0,unknown,no
35,blue-collar,married,primary,no,0,yes,no,cellular,24,jul,90,6,-1,0,unknown,no
47,self-employed,married,secondary,yes,2,no,no,cellular,5,feb,236,2,-1,0,unknown,no
54,management,married,tertiary,no,0,no,no,cellular,16,jul,118,5,-1,0,unknown,no
39,management,single,tertiary,no,12437,no,no,telephone,18,nov,40,1,-1,0,unknown,no
28,student,single,secondary,no,378,yes,no,cellular,17,apr,346,1,-1,0,unknown,no
54,blue-collar,married,primary,no,211,no,no,unknown,19,jun,200,2,-1,0,unknown,no
34,technician,married,secondary,no,-228,yes,no,cellular,20,apr,187,3,332,3,other,no
63,retired,married,secondary,no,2747,no,no,cellular,11,sep,113,1,80,1,failure,no
42,self-employed,married,tertiary,no,1932,yes,no,unknown,16,may,192,32,-1,0,unknown,no
43,technician,single,secondary,no,11269,no,no,unknown,29,may,92,1,-1,0,unknown,no
37,admin.,married,secondary,no,1314,yes,no,cellular,8,may,682,2,85,7,success,no
55,blue-collar,married,primary,no,2275,no,no,cellular,25,aug,139,9,-1,0,unknown,no
43,management,single,tertiary,no,1304,no,no,cellular,6,aug,501,2,-1,0,unknown,yes
41,blue-collar,married,secondary,yes,720,no,yes,cellular,24,jul,651,1,-1,0,unknown,yes
47,technician,divorced,secondary,no,2914,yes,no,cellular,18,aug,405,13,-1,0,unknown,no
34,technician,married,secondary,no,1464,yes,no,unknown,23,may,350,1,-1,0,unknown,no
28,student,single,secondary,no,11555,no,no,cellular,8,apr,125,2,-1,0,unknown,no
36,services,married,secondary,no,-302,yes,no,cellular,13,may,36,2,-1,0,unknown,no
50,technician,married,secondary,no,2497,yes,no,cellular,21,nov,35,1,176,1,failure,no
35,blue-collar,married,secondary,no,-339,yes,no,unknown,8,may,389,2,-1,0,unknown,no
40,technician,married,secondary,no,56,yes,yes,cellular,29,jan,194,1,247,1,failure,no
26,self-employed,single,tertiary,no,211,no,no,cellular,29,jan,168,3,-1,0,unknown,no
36,management,divorced,tertiary,no,3611,yes,no,unknown,4,jun,347,3,-1,0,unknown,no
59,unemployed,married,primary,no,0,no,no,cellular,30,jan,3025,2,-1,0,unknown,no
28,student,single,secondary,no,459,no,no,cellular,16,mar,83,13,-1,0,unknown,no
46,entrepreneur,married,unknown,no,242,yes,no,unknown,9,may,332,2,-1,0,unknown,no
50,self-employed,married,secondary,no,1138,no,no,cellular,14,aug,219,10,-1,0,unknown,no
53,management,married,tertiary,no,1319,yes,no,cellular,16,apr,427,1,150,1,failure,no
81,retired,married,secondary,no,1,no,no,cellular,19,aug,65,5,-1,0,unknown,no
35,services,divorced,secondary,no,67,yes,no,cellular,5,may,192,2,-1,0,unknown,no
58,retired,married,unknown,no,937,no,no,cellular,5,aug,155,1,-1,0,unknown,no
44,services,married,secondary,no,0,yes,yes,cellular,11,may,161,1,-1,0,unknown,no
38,management,married,tertiary,no,-558,yes,no,cellular,21,jul,533,1,-1,0,unknown,no
49,blue-collar,married,secondary,no,171,no,no,cellular,4,feb,19,3,175,2,other,no
33,technician,single,tertiary,no,696,no,yes,cellular,5,feb,193,1,176,8,failure,no
29,management,married,tertiary,no,361,yes,yes,cellular,28,jul,819,3,-1,0,unknown,no
28,technician,single,secondary,no,227,no,no,cellular,30,apr,278,1,-1,0,unknown,yes
31,admin.,married,secondary,no,236,yes,yes,telephone,4,may,211,3,-1,0,unknown,no
33,management,single,tertiary,no,-53,no,no,cellular,29,jan,617,2,-1,0,unknown,no
52,technician,married,secondary,no,192,yes,no,cellular,23,jul,61,2,-1,0,unknown,no
43,management,divorced,tertiary,no,38,yes,no,cellular,25,jul,197,6,-1,0,unknown,no
32,self-employed,single,secondary,no,518,yes,no,cellular,18,may,34,7,-1,0,unknown,no
36,self-employed,married,tertiary,no,16,yes,yes,cellular,18,jul,95,4,-1,0,unknown,no
41,blue-collar,married,secondary,no,-256,yes,no,unknown,3,jun,147,2,-1,0,unknown,no
43,blue-collar,married,secondary,no,105,no,yes,cellular,4,jul,668,2,-1,0,unknown,no
45,self-employed,married,tertiary,no,334,no,no,unknown,5,jun,87,2,-1,0,unknown,no
39,technician,married,secondary,no,1048,no,yes,cellular,21,jul,405,1,-1,0,unknown,no
41,services,married,secondary,no,108,yes,yes,unknown,13,may,83,7,-1,0,unknown,no
31,technician,married,secondary,no,660,no,no,cellular,22,jun,115,1,-1,0,unknown,no
37,unemployed,single,tertiary,yes,0,yes,no,cellular,10,jul,108,1,-1,0,unknown,no
28,entrepreneur,married,unknown,no,1034,no,no,cellular,29,jan,113,1,-1,0,unknown,no
47,housemaid,married,primary,no,201,yes,no,cellular,7,aug,58,2,382,1,failure,no
37,housemaid,married,primary,no,189,no,no,cellular,8,aug,148,4,-1,0,unknown,no
60,retired,divorced,unknown,no,-49,yes,no,cellular,29,jan,188,1,261,2,failure,no
43,technician,divorced,secondary,no,1413,yes,no,telephone,28,jul,75,3,-1,0,unknown,no
